did,title,genres,overview,keywords,cast,director,rating,vote_count,poster_url
1,Inception,Action|Sci-Fi|Thriller,"A thief who steals corporate secrets through dream-sharing technology is given the task of planting an idea into the mind of a CEO.","dream heist subconscious technology","Leonardo DiCaprio|Joseph Gordon-Levitt|Tom Hardy",Christopher Nolan,8.8,12000,
2,Interstellar,Adventure|Drama|Sci-Fi,"A team of explorers travel through a wormhole in space in an attempt to ensure humanity's survival.","space time black hole astronaut science","Matthew McConaughey|Anne Hathaway|Jessica Chastain",Christopher Nolan,8.7,11000,
3,The Dark Knight,Action|Crime|Drama,"Batman faces a criminal mastermind who plunges Gotham City into chaos.","batman joker crime superhero chaos","Christian Bale|Heath Ledger|Aaron Eckhart",Christopher Nolan,9.0,18000,
4,Avengers Endgame,Action|Adventure|Drama,"The Avengers assemble once more to reverse the destruction caused by Thanos.","superhero avengers marvel time travel thanos","Robert Downey Jr.|Chris Evans|Mark Ruffalo",Anthony Russo|Joe Russo,8.4,17000,
5,Titanic,Drama|Romance,"A young couple from different social classes fall in love aboard the Titanic.","romance love ship disaster ocean","Leonardo DiCaprio|Kate Winslet",James Cameron,7.9,14000,
6,The Matrix,Action|Sci-Fi,"A computer hacker discovers that reality is a simulated world and joins a rebellion against its controllers.","virtual reality hacker robot future technology","Keanu Reeves|Laurence Fishburne|Carrie-Anne Moss",Lana Wachowski|Lilly Wachowski,8.7,15000,
7,Jurassic Park,Adventure|Sci-Fi,"A theme park suffers a major breakdown that allows genetically engineered dinosaurs to escape.","dinosaurs park science adventure genetics","Sam Neill|Laura Dern|Jeff Goldblum",Steven Spielberg,8.2,10000,
8,The Shawshank Redemption,Drama,"Two imprisoned men bond over a number of years finding solace and eventual redemption.","prison friendship hope redemption freedom","Tim Robbins|Morgan Freeman",Frank Darabont,9.3,19000,
9,Spider-Man No Way Home,Action|Adventure|Fantasy,"Spider-Man's identity is revealed and he asks Doctor Strange for help, causing unexpected consequences.","superhero spider-man marvel multiverse magic","Tom Holland|Zendaya|Benedict Cumberbatch",Jon Watts,8.2,12000,
10,The Lord of the Rings,Adventure|Fantasy|Drama,"A hobbit begins a journey to destroy a powerful ring before its evil owner can reclaim it.","fantasy ring war middle-earth journey","Elijah Wood|Ian McKellen|Viggo Mortensen",Peter Jackson,8.9,16000,
11,Iron Man,Action|Sci-Fi|Adventure,"After being held captive, an engineer builds a high-tech suit and becomes a superhero.","iron man superhero technology armor marvel","Robert Downey Jr.|Gwyneth Paltrow|Jeff Bridges",Jon Favreau,7.9,13000,
12,The Martian,Adventure|Drama|Sci-Fi,"An astronaut becomes stranded on Mars and must use science and engineering to survive.","mars astronaut survival space science engineering","Matt Damon|Jessica Chastain|Kristen Wiig",Ridley Scott,8.0,9000,
13,Avatar,Action|Adventure|Fantasy,"A marine on an alien world becomes involved in a conflict between humans and the native population.","alien planet nature science fantasy war","Sam Worthington|Zoe Saldana|Sigourney Weaver",James Cameron,7.8,14000,
14,La La Land,Comedy|Drama|Romance,"A musician and an aspiring actress fall in love while pursuing their dreams in Los Angeles.","music romance dreams hollywood jazz","Ryan Gosling|Emma Stone|John Legend",Damien Chazelle,8.0,9000,
15,The Notebook,Drama|Romance,"A poor yet passionate young man falls in love with a wealthy young woman despite social differences.","romance love relationship memory","Ryan Gosling|Rachel McAdams|James Garner",Nick Cassavetes,7.8,8500,
16,The Hangover,Comedy,"Three friends wake up after a wild bachelor party and try to reconstruct what happened.","comedy friendship wedding bachelor party","Bradley Cooper|Ed Helms|Zach Galifianakis",Todd Phillips,7.7,8000,
17,John Wick,Action|Thriller|Crime,"An ex-hitman returns to action after a devastating loss and revenge mission.","assassin revenge gun action crime","Keanu Reeves|Michael Nyqvist|Ian McShane",Chad Stahelski,8.0,11000,
18,Top Gun Maverick,Action|Drama,"A veteran pilot trains a new generation of elite aviators for a dangerous mission.","pilot aviation fighter jets military action","Tom Cruise|Miles Teller|Jennifer Connelly",Joseph Kosinski,8.3,10000,
19,Black Panther,Action|Adventure|Sci-Fi,"The new king of Wakanda must defend his nation from a powerful enemy.","superhero wakanda marvel technology africa","Chadwick Boseman|Michael B Jordan|Lupita Nyongo",Ryan Coogler,7.3,12000,
20,Harry Potter and the Sorcerers Stone,Adventure|Fantasy,"A young wizard begins his education at a magical school and discovers his destiny.","magic wizard school friendship fantasy","Daniel Radcliffe|Emma Watson|Rupert Grint",Chris Columbus,7.6,10000,
21,Pulp Fiction,Crime|Drama,"The lives of two mob hitmen, a boxer, and a pair of diner robbers intertwine in Los Angeles.","crime hitmen boxer nonlinear dark comedy","John Travolta|Samuel L Jackson|Uma Thurman",Quentin Tarantino,8.9,26000,
22,Parasite,Comedy|Drama|Thriller,"A poor family schemes to become employed by a wealthy household, with unexpected consequences.","class inequality family suspense con artist","Song Kang-ho|Lee Sun-kyun|Cho Yeo-jeong",Bong Joon-ho,8.5,18000,
23,Spirited Away,Animation|Adventure|Family,"A young girl enters a world of spirits and must find a way to save her parents and return home.","spirits magic coming of age fantasy","Rumi Hiiragi|Miyu Irino|Mari Natsuki",Hayao Miyazaki,8.6,16000,
24,Coco,Animation|Adventure|Family,"An aspiring young musician journeys to the Land of the Dead to uncover his family's history.","music family afterlife mexico memory","Anthony Gonzalez|Gael Garcia Bernal|Benjamin Bratt",Lee Unkrich,8.4,19000,
25,Get Out,Horror|Mystery|Thriller,"A young man visits his girlfriend's family estate and uncovers a disturbing secret.","horror race identity mystery suspense","Daniel Kaluuya|Allison Williams|Bradley Whitford",Jordan Peele,7.8,17000,
26,Mad Max Fury Road,Action|Adventure|Sci-Fi,"In a harsh desert wasteland, a drifter joins a warrior's escape from a tyrant.","dystopia desert chase survival action","Tom Hardy|Charlize Theron|Nicholas Hoult",George Miller,8.1,22000,
27,Whiplash,Drama|Music,"A driven drummer pushes himself to the limit under the demanding eye of a music instructor.","jazz music ambition discipline teacher","Miles Teller|J K Simmons|Paul Reiser",Damien Chazelle,8.5,15000,
28,Arrival,Drama|Mystery|Sci-Fi,"A linguist works to communicate with visitors from beyond Earth as global tensions rise.","aliens language communication time science","Amy Adams|Jeremy Renner|Forest Whitaker",Denis Villeneuve,7.9,16000,
29,The Grand Budapest Hotel,Adventure|Comedy|Crime,"A hotel concierge and his young protégé become caught up in a theft and a family dispute.","hotel mystery friendship europe caper","Ralph Fiennes|Tony Revolori|Saoirse Ronan",Wes Anderson,8.1,14000,
30,Everything Everywhere All at Once,Action|Adventure|Comedy,"A laundromat owner is drawn into a multiverse-spanning adventure while trying to reconnect with her family.","multiverse family identity absurdist action","Michelle Yeoh|Stephanie Hsu|Ke Huy Quan",Daniel Kwan|Daniel Scheinert,7.8,15000,
31,Dune,Adventure|Drama|Sci-Fi,"A gifted young noble travels to a dangerous desert planet whose resources could shape the future.","desert planet politics prophecy spice","Timothee Chalamet|Rebecca Ferguson|Oscar Isaac",Denis Villeneuve,8.0,13000,
32,Oppenheimer,Drama|History|Thriller,"A theoretical physicist leads a secret wartime project to develop the first atomic weapon.","history science war physics manhattan project","Cillian Murphy|Emily Blunt|Robert Downey Jr.",Christopher Nolan,8.3,18000,
33,Barbie,Adventure|Comedy|Fantasy,"A famous doll leaves her seemingly perfect world and discovers uncertainty in the real one.","identity feminism fantasy comedy dolls","Margot Robbie|Ryan Gosling|America Ferrera",Greta Gerwig,6.8,9000,
34,The Godfather,Crime|Drama,"The aging head of a crime family transfers control to his reluctant son.","mafia family power loyalty new york","Marlon Brando|Al Pacino|James Caan",Francis Ford Coppola,9.2,21000,
35,Forrest Gump,Drama|Romance,"A kind-hearted man recounts the extraordinary events that shaped his life and the people around him.","friendship history romance perseverance life","Tom Hanks|Robin Wright|Gary Sinise",Robert Zemeckis,8.8,26000,
36,The Silence of the Lambs,Crime|Drama|Thriller,"An FBI trainee seeks the help of an imprisoned killer to catch another dangerous criminal.","serial killer investigation suspense psychology","Jodie Foster|Anthony Hopkins|Scott Glenn",Jonathan Demme,8.6,16000,
37,The Social Network,Drama|Biography,"A Harvard student builds a social networking site as ambition and lawsuits reshape his life.","technology business ambition friendship facebook","Jesse Eisenberg|Andrew Garfield|Justin Timberlake",David Fincher,7.8,11000,
38,The Lion King,Animation|Adventure|Drama,"A young lion prince faces loss and must reclaim his place in the circle of life.","animals family africa courage musical","Matthew Broderick|James Earl Jones|Jeremy Irons",Roger Allers|Rob Minkoff,8.5,18000,
39,Blade Runner 2049,Drama|Mystery|Sci-Fi,"A replicant hunter uncovers a secret that could change the balance between humans and replicants.","android future identity memory dystopia","Ryan Gosling|Harrison Ford|Ana de Armas",Denis Villeneuve,8.0,12000,
40,Knives Out,Comedy|Crime|Drama,"A detective investigates the death of a wealthy novelist and questions every member of his family.","murder mystery detective family suspects","Daniel Craig|Ana de Armas|Chris Evans",Rian Johnson,7.9,12000,
41,Baahubali The Beginning,Telugu|Action|Drama|Fantasy,"A young man discovers his royal heritage and sets out to learn the truth about his family and the kingdom of Mahishmati.","telugu indian epic kingdom warrior mahishmati legacy","Prabhas|Rana Daggubati|Anushka Shetty|Tamannaah Bhatia",S S Rajamouli,8.0,10000,
42,Baahubali 2 The Conclusion,Telugu|Action|Drama|Fantasy,"Amarendra Baahubali's son returns to Mahishmati and uncovers the truth behind his father's death.","telugu indian epic kingdom revenge mahishmati legacy","Prabhas|Rana Daggubati|Anushka Shetty|Ramya Krishnan",S S Rajamouli,8.2,11000,
43,Rangasthalam,Telugu|Action|Drama,"In a 1980s village, a hearing-impaired man and his brother challenge a powerful local leader.","telugu village politics family rural friendship","Ram Charan|Samantha Ruth Prabhu|Aadhi Pinisetty",Sukumar,8.2,5000,
44,RRR,Telugu|Action|Drama|History,"Two revolutionaries build a friendship while fighting British colonial rule in India.","telugu action friendship revolution colonial india","N T Rama Rao Jr.|Ram Charan|Alia Bhatt|Ajay Devgn",S S Rajamouli,7.8,6000,
45,Pushpa The Rise,Telugu|Action|Crime|Drama,"A determined laborer rises through the ranks of a red sandalwood smuggling syndicate.","telugu action smuggling forest ambition crime","Allu Arjun|Rashmika Mandanna|Fahadh Faasil",Sukumar,7.6,5000,
46,Arjun Reddy,Telugu|Drama|Romance,"A brilliant but self-destructive surgeon spirals after a painful breakup.","telugu romance heartbreak medical anger relationships","Vijay Deverakonda|Shalini Pandey|Rahul Ramakrishna",Sandeep Reddy Vanga,7.9,4000,
47,Mahanati,Telugu|Biography|Drama,"A journalist traces the remarkable life and career of legendary Indian actor Savitri.","telugu biography cinema actress savitri history","Keerthy Suresh|Dulquer Salmaan|Samantha Ruth Prabhu|Vijay Deverakonda",Nag Ashwin,8.4,3000,
48,Magadheera,Telugu|Action|Fantasy|Romance,"A motorcycle racer begins to experience memories of a warrior from a past life.","telugu reincarnation warrior romance history action","Ram Charan|Kajal Aggarwal|Dev Gill",S S Rajamouli,7.7,3000,
49,Attarintiki Daredi,Telugu|Comedy|Drama,"A wealthy young man travels to bring his estranged aunt back to his family.","telugu family comedy reunion affection","Pawan Kalyan|Samantha Ruth Prabhu|Pranitha Subhash",Trivikram Srinivas,7.3,2000,
50,Eega,Telugu|Action|Comedy|Fantasy,"A murdered man is reborn as a fly and seeks justice against the man who killed him.","telugu fantasy revenge fly reincarnation comedy","Sudeep|Nani|Samantha Ruth Prabhu",S S Rajamouli,7.7,3000,
51,3 Idiots,Hindi|Comedy|Drama,"Three engineering students question academic pressure while searching for their missing friend.","hindi college friendship education engineering comedy","Aamir Khan|R Madhavan|Sharman Joshi|Kareena Kapoor",Rajkumar Hirani,8.4,45000,
52,Dangal,Hindi|Biography|Drama|Sport,"A former wrestler trains his daughters to compete in the sport and challenge expectations.","hindi wrestling family sports women champions","Aamir Khan|Fatima Sana Shaikh|Sanya Malhotra",Nitesh Tiwari,8.3,25000,
53,Sholay,Hindi|Action|Adventure|Drama,"A retired officer hires two small-time criminals to capture a ruthless bandit.","hindi classic western friendship bandit revenge","Dharmendra|Amitabh Bachchan|Sanjeev Kumar|Hema Malini",Ramesh Sippy,8.1,15000,
54,Andhadhun,Hindi|Crime|Mystery|Thriller,"A pianist becomes entangled in a murder investigation after witnessing a crime he claims he could not see.","hindi thriller piano murder mystery suspense","Ayushmann Khurrana|Tabu|Radhika Apte",Sriram Raghavan,8.2,35000,
55,Zindagi Na Milegi Dobara,Hindi|Adventure|Comedy|Drama,"Three friends reunite for a road trip across Spain that challenges them to face their fears and rethink their lives.","hindi friendship road trip spain adventure self discovery","Hrithik Roshan|Farhan Akhtar|Abhay Deol|Katrina Kaif",Zoya Akhtar,8.2,18000,
56,Pokiri,Telugu|Action|Crime|Thriller,"A fearless thug working for a crime boss hides a deeper purpose while confronting a violent underworld.","telugu action crime undercover gangster police","Mahesh Babu|Ileana D'Cruz|Prakash Raj",Puri Jagannadh,8.0,5000,
57,Athadu,Telugu|Action|Crime|Drama,"A hired gun is mistaken for a missing heir and finds himself living with the family of a man he was meant to kill.","telugu action mistaken identity family assassin drama","Mahesh Babu|Trisha Krishnan|Sonu Sood",Trivikram Srinivas,8.2,4000,
58,Ala Vaikunthapurramuloo,Telugu|Action|Comedy|Drama,"A young man discovers the truth about his birth and becomes entangled in the lives of two very different families.","telugu family identity comedy action music","Allu Arjun|Pooja Hegde|Tabu|Jayaram",Trivikram Srinivas,7.3,3000,
59,Jersey,Telugu|Drama|Sport,"A former cricketer returns to the sport in his thirties, hoping to fulfill a promise to his young son.","telugu cricket father son comeback sports","Nani|Shraddha Srinath|Ronan Ash",Gowtam Tinnanuri,8.5,3000,
60,Sita Ramam,Telugu|Drama|Romance,"A young woman investigates a mysterious letter and uncovers the moving story of an army officer and his correspondent.","telugu romance army letters love mystery","Dulquer Salmaan|Mrunal Thakur|Rashmika Mandanna",Hanu Raghavapudi,8.5,3000,
61,Janatha Garage,Telugu|Action|Drama,"An environmental activist joins a community leader whose garage has become a place where ordinary people seek justice.","telugu action environmental justice family community","N T Rama Rao Jr.|Mohanlal|Samantha Ruth Prabhu|Nithya Menen",Koratala Siva,7.2,2000,
62,Dasara,Telugu|Action|Drama,"In a coal mining village, a young man faces grief, loyalty, and conflict amid a struggle for power.","telugu village coal mining friendship revenge","Nani|Keerthy Suresh|Dheekshith Shetty",Srikanth Odela,6.6,1000,
63,Devara Part 1,Telugu|Action|Drama,"A coastal community is shaped by a fearless leader's stand against dangerous smuggling, while his son faces his own legacy.","telugu coastal action smuggling family legacy","N T Rama Rao Jr.|Saif Ali Khan|Janhvi Kapoor",Koratala Siva,6.2,1000,
64,Lagaan,Hindi|Drama|Sport,"Villagers facing a crushing tax challenge the colonial authorities to a cricket match that could change their fate.","hindi cricket colonial india village underdogs","Aamir Khan|Gracy Singh|Rachel Shelley|Paul Blackthorne",Ashutosh Gowariker,8.1,18000,
65,Taare Zameen Par,Hindi|Drama|Family,"A teacher helps a struggling schoolboy discover his strengths and the reason he has trouble with written work.","hindi education childhood dyslexia teacher family","Darsheel Safary|Aamir Khan|Tisca Chopra",Aamir Khan,8.3,22000,
66,Munna Bhai M.B.B.S.,Hindi|Comedy|Drama,"A good-hearted Mumbai gangster poses as a medical student to win his father's approval and brings compassion to the hospital.","hindi comedy medical college family friendship","Sanjay Dutt|Arshad Warsi|Boman Irani|Gracy Singh",Rajkumar Hirani,8.1,15000,
67,Queen,Hindi|Comedy|Drama,"After her wedding is called off, a sheltered young woman takes her planned honeymoon alone and grows more independent.","hindi comedy self discovery travel friendship","Kangana Ranaut|Rajkummar Rao|Lisa Haydon",Vikas Bahl,8.1,10000,
68,Gully Boy,Hindi|Drama|Music,"A young man from Mumbai's street rap scene works to find his voice and pursue a career in music.","hindi music rap mumbai ambition class","Ranveer Singh|Alia Bhatt|Siddhant Chaturvedi|Kalki Koechlin",Zoya Akhtar,7.9,12000,
69,PK,Hindi|Comedy|Drama|Fantasy,"An alien stranded on Earth questions everyday beliefs while searching for the device that will let him return home.","hindi comedy alien faith society friendship","Aamir Khan|Anushka Sharma|Sushant Singh Rajput|Sanjay Dutt",Rajkumar Hirani,8.1,22000,
70,Bajrangi Bhaijaan,Hindi|Adventure|Comedy|Drama,"A kind-hearted man tries to reunite a lost Pakistani girl with her family across the border.","hindi family journey friendship border child","Salman Khan|Harshaali Malhotra|Kareena Kapoor|Nawazuddin Siddiqui",Kabir Khan,8.0,10000,
71,Drishyam,Hindi|Crime|Drama|Thriller,"A resourceful family man uses his knowledge of films and careful planning to protect his family from a police investigation.","hindi crime family suspense investigation alibi","Ajay Devgn|Tabu|Shriya Saran|Ishita Dutta",Nishikant Kamat,8.2,10000,
